{"cameraMode":{"drawMode":0,"name":"Shaded","section":"Shading Mode"},"sceneLighting":false,"audioPlay":false,"sceneViewState":{"showFog":false,"showMaterialUpdate":false,"showSkybox":false,"showFlares":false,"showImageEffects":false,"showParticleSystems":false},"in2DMode":false,"pivot":{"x":16.938152313232423,"y":39.25735092163086,"z":-35.28252029418945},"rotation":{"x":-0.25960415601730349,"y":-0.28032687306404116,"z":0.07904861867427826,"w":-0.9208189845085144},"size":1.6736016273498536,"orthographic":false}