{"cameraMode":{"drawMode":0,"name":"Shaded","section":"Shading Mode"},"sceneLighting":false,"audioPlay":false,"sceneViewState":{"showFog":false,"showMaterialUpdate":false,"showSkybox":false,"showFlares":false,"showImageEffects":false,"showParticleSystems":false},"in2DMode":false,"pivot":{"x":0.27250099182128909,"y":0.5683437585830689,"z":-0.0001405477523803711},"rotation":{"x":-0.00539697241038084,"y":-0.9915220141410828,"z":0.0437563918530941,"w":-0.12227722257375717},"size":0.6096643805503845,"orthographic":false}