{"cameraMode":{"drawMode":0,"name":"Shaded","section":"Shading Mode"},"sceneLighting":false,"audioPlay":false,"sceneViewState":{"showFog":false,"showMaterialUpdate":false,"showSkybox":false,"showFlares":false,"showImageEffects":false,"showParticleSystems":false},"in2DMode":false,"pivot":{"x":9.000000953674317,"y":4.000015735626221,"z":30.238330841064454},"rotation":{"x":-0.0683506578207016,"y":-0.6499874591827393,"z":0.05883128196001053,"w":-0.7546491026878357},"size":5.932643890380859,"orthographic":false}