{"cameraMode":{"drawMode":0,"name":"Shaded","section":"Shading Mode"},"sceneLighting":false,"audioPlay":false,"sceneViewState":{"showFog":false,"showMaterialUpdate":false,"showSkybox":false,"showFlares":false,"showImageEffects":false,"showParticleSystems":false},"in2DMode":false,"pivot":{"x":-8.999996185302735,"y":1.9000144004821778,"z":-32.99998092651367},"rotation":{"x":-0.017467759549617769,"y":-0.7493400573730469,"z":0.019414328038692476,"w":-0.6618810296058655},"size":13.26103687286377,"orthographic":false}