{"cameraMode":{"drawMode":0,"name":"Shaded","section":"Shading Mode"},"sceneLighting":false,"audioPlay":false,"sceneViewState":{"showFog":false,"showMaterialUpdate":false,"showSkybox":false,"showFlares":false,"showImageEffects":false,"showParticleSystems":false},"in2DMode":false,"pivot":{"x":16.549991607666017,"y":3.451763868331909,"z":12.068750381469727},"rotation":{"x":-0.07481014728546143,"y":0.9148609638214111,"z":-0.3431157171726227,"w":-0.19962380826473237},"size":5.35549783706665,"orthographic":false}