{"cameraMode":{"drawMode":0,"name":"Shaded","section":"Shading Mode"},"sceneLighting":false,"audioPlay":false,"sceneViewState":{"showFog":false,"showMaterialUpdate":false,"showSkybox":false,"showFlares":false,"showImageEffects":false,"showParticleSystems":false},"in2DMode":false,"pivot":{"x":0.9999972581863403,"y":4.261472702026367,"z":0.9999966621398926},"rotation":{"x":0.08554128557443619,"y":-0.7471802830696106,"z":0.09806379675865174,"w":0.6517613530158997},"size":1.4342097043991089,"orthographic":false}