{"cameraMode":{"drawMode":0,"name":"Shaded","section":"Shading Mode"},"sceneLighting":false,"audioPlay":false,"sceneViewState":{"showFog":false,"showMaterialUpdate":false,"showSkybox":false,"showFlares":false,"showImageEffects":false,"showParticleSystems":false},"in2DMode":false,"pivot":{"x":1.9999215602874756,"y":5.149565696716309,"z":-0.014062110334634781},"rotation":{"x":0.12691722810268403,"y":-0.35732918977737429,"z":0.04908004775643349,"w":0.9240147471427918},"size":2.025350570678711,"orthographic":false}