{"cameraMode":{"drawMode":0,"name":"Shaded","section":"Shading Mode"},"sceneLighting":false,"audioPlay":false,"sceneViewState":{"showFog":false,"showMaterialUpdate":false,"showSkybox":false,"showFlares":false,"showImageEffects":false,"showParticleSystems":false},"in2DMode":false,"pivot":{"x":0.19288629293441773,"y":4.000013828277588,"z":3.000000476837158},"rotation":{"x":-0.10249917954206467,"y":-0.7434790134429932,"z":0.11716707795858383,"w":-0.6504731774330139},"size":5.865107536315918,"orthographic":false}