{"cameraMode":{"drawMode":0,"name":"Shaded","section":"Shading Mode"},"sceneLighting":false,"audioPlay":false,"sceneViewState":{"showFog":false,"showMaterialUpdate":false,"showSkybox":false,"showFlares":false,"showImageEffects":false,"showParticleSystems":false},"in2DMode":false,"pivot":{"x":-0.33471453189849856,"y":1.1920928955078126e-7,"z":-0.6639103293418884},"rotation":{"x":0.17514723539352418,"y":0.7241231203079224,"z":-0.19925637543201447,"w":0.6366447806358337},"size":0.9925580620765686,"orthographic":false}