{"cameraMode":{"drawMode":0,"name":"Shaded","section":"Shading Mode"},"sceneLighting":false,"audioPlay":false,"sceneViewState":{"showFog":false,"showMaterialUpdate":false,"showSkybox":false,"showFlares":false,"showImageEffects":false,"showParticleSystems":false},"in2DMode":false,"pivot":{"x":-1.7881393432617188e-7,"y":-5.960464477539063e-8,"z":0.4994555115699768},"rotation":{"x":0.17514723539352418,"y":0.7241231203079224,"z":-0.19925637543201447,"w":0.6366447806358337},"size":0.6802766919136047,"orthographic":false}