{"cameraMode":{"drawMode":0,"name":"Shaded","section":"Shading Mode"},"sceneLighting":false,"audioPlay":false,"sceneViewState":{"showFog":false,"showMaterialUpdate":false,"showSkybox":false,"showFlares":false,"showImageEffects":false,"showParticleSystems":false},"in2DMode":false,"pivot":{"x":-8.999990463256836,"y":1.9000139236450196,"z":-15.000003814697266},"rotation":{"x":0.0013305202592164279,"y":-0.9953478574752808,"z":0.09646843373775482,"w":0.015938403084874154},"size":7.431853294372559,"orthographic":false}