{"cameraMode":{"drawMode":0,"name":"Shaded","section":"Shading Mode"},"sceneLighting":false,"audioPlay":false,"sceneViewState":{"showFog":false,"showMaterialUpdate":false,"showSkybox":false,"showFlares":false,"showImageEffects":false,"showParticleSystems":false},"in2DMode":false,"pivot":{"x":0.5013816356658936,"y":0.7348151206970215,"z":0.6171456575393677},"rotation":{"x":0.0500887930393219,"y":-0.5450232028961182,"z":-0.03242592513561249,"w":-0.8363959193229675},"size":0.6394153833389282,"orthographic":false}