{"cameraMode":{"drawMode":0,"name":"Shaded","section":"Shading Mode"},"sceneLighting":false,"audioPlay":false,"sceneViewState":{"showFog":false,"showMaterialUpdate":false,"showSkybox":false,"showFlares":false,"showImageEffects":false,"showParticleSystems":false},"in2DMode":false,"pivot":{"x":-6.000127792358398,"y":4.899999618530273,"z":3.0010595321655275},"rotation":{"x":-0.11656352877616883,"y":-0.8110398054122925,"z":0.1728353351354599,"w":-0.5466611385345459},"size":8.98558521270752,"orthographic":false}