{"cameraMode":{"drawMode":0,"name":"Shaded","section":"Shading Mode"},"sceneLighting":false,"audioPlay":false,"sceneViewState":{"showFog":false,"showMaterialUpdate":false,"showSkybox":false,"showFlares":false,"showImageEffects":false,"showParticleSystems":false},"in2DMode":false,"pivot":{"x":0.9998003244400024,"y":5.149570465087891,"z":-0.0140618234872818},"rotation":{"x":0.08554128557443619,"y":-0.7471802830696106,"z":0.09806379675865174,"w":0.6517613530158997},"size":1.0493618249893189,"orthographic":false}