{"cameraMode":{"drawMode":0,"name":"Shaded","section":"Shading Mode"},"sceneLighting":false,"audioPlay":false,"sceneViewState":{"showFog":false,"showMaterialUpdate":false,"showSkybox":false,"showFlares":false,"showImageEffects":false,"showParticleSystems":false},"in2DMode":false,"pivot":{"x":41.0441780090332,"y":9.638351440429688,"z":14.895196914672852},"rotation":{"x":0.0868721455335617,"y":-0.020918739959597589,"z":0.0018277243943884969,"w":0.9960075616836548},"size":1.6234430074691773,"orthographic":false}