{"cameraMode":{"drawMode":0,"name":"Shaded","section":"Shading Mode"},"sceneLighting":false,"audioPlay":false,"sceneViewState":{"showFog":false,"showMaterialUpdate":false,"showSkybox":false,"showFlares":false,"showImageEffects":false,"showParticleSystems":false},"in2DMode":false,"pivot":{"x":-4.613999843597412,"y":3.700000047683716,"z":-1.1200001239776612},"rotation":{"x":-0.0236585084348917,"y":0.9748175144195557,"z":-0.18223117291927339,"w":-0.12677554786205293},"size":3.124361753463745,"orthographic":false}