{"cameraMode":{"drawMode":0,"name":"Shaded","section":"Shading Mode"},"sceneLighting":false,"audioPlay":false,"sceneViewState":{"showFog":false,"showMaterialUpdate":false,"showSkybox":false,"showFlares":false,"showImageEffects":false,"showParticleSystems":false},"in2DMode":false,"pivot":{"x":19.441455841064454,"y":38.706512451171878,"z":-35.9007682800293},"rotation":{"x":-0.11374881118535996,"y":-0.8481245040893555,"z":0.20240642130374909,"w":-0.4763663411140442},"size":2.295599937438965,"orthographic":false}