{"cameraMode":{"drawMode":0,"name":"Shaded","section":"Shading Mode"},"sceneLighting":false,"audioPlay":false,"sceneViewState":{"showFog":false,"showMaterialUpdate":false,"showSkybox":false,"showFlares":false,"showImageEffects":false,"showParticleSystems":false},"in2DMode":false,"pivot":{"x":-8.281241416931153,"y":4.189803123474121,"z":-19.73767852783203},"rotation":{"x":-0.013162653893232346,"y":0.9861776828765869,"z":-0.13425226509571076,"w":-0.09677527099847794},"size":8.999407768249512,"orthographic":false}