{"cameraMode":{"drawMode":0,"name":"Shaded","section":"Shading Mode"},"sceneLighting":false,"audioPlay":false,"sceneViewState":{"showFog":false,"showMaterialUpdate":false,"showSkybox":false,"showFlares":false,"showImageEffects":false,"showParticleSystems":false},"in2DMode":false,"pivot":{"x":51.000003814697269,"y":10.900012969970704,"z":-18.19598388671875},"rotation":{"x":-0.00015542955952696502,"y":0.9913983941078186,"z":-0.1310225874185562,"w":-0.001194224925711751},"size":4.18269681930542,"orthographic":false}