{"cameraMode":{"drawMode":0,"name":"Shaded","section":"Shading Mode"},"sceneLighting":false,"audioPlay":false,"sceneViewState":{"showFog":false,"showMaterialUpdate":false,"showSkybox":false,"showFlares":false,"showImageEffects":false,"showParticleSystems":false},"in2DMode":false,"pivot":{"x":0.7777127027511597,"y":0.09919454157352448,"z":0.756713330745697},"rotation":{"x":-0.09759850800037384,"y":-0.03285529837012291,"z":0.0032151585910469295,"w":-0.994752049446106},"size":1.09559965133667,"orthographic":false}