{"cameraMode":{"drawMode":0,"name":"Shaded","section":"Shading Mode"},"sceneLighting":false,"audioPlay":false,"sceneViewState":{"showFog":false,"showMaterialUpdate":false,"showSkybox":false,"showFlares":false,"showImageEffects":false,"showParticleSystems":false},"in2DMode":false,"pivot":{"x":-13.500007629394532,"y":-0.12497256696224213,"z":-4.499993324279785},"rotation":{"x":-0.017467759549617769,"y":-0.7493400573730469,"z":0.019414328038692476,"w":-0.6618810296058655},"size":14.849813461303711,"orthographic":false}