{"cameraMode":{"drawMode":0,"name":"Shaded","section":"Shading Mode"},"sceneLighting":false,"audioPlay":false,"sceneViewState":{"showFog":false,"showMaterialUpdate":false,"showSkybox":false,"showFlares":false,"showImageEffects":false,"showParticleSystems":false},"in2DMode":false,"pivot":{"x":0.23643361032009126,"y":0.17641538381576539,"z":0.06803369522094727},"rotation":{"x":-0.04528570547699928,"y":0.008970703929662705,"z":-0.00040068262023851275,"w":-0.9989877939224243},"size":1.181610345840454,"orthographic":false}