{"cameraMode":{"drawMode":0,"name":"Shaded","section":"Shading Mode"},"sceneLighting":false,"audioPlay":false,"sceneViewState":{"showFog":false,"showMaterialUpdate":false,"showSkybox":false,"showFlares":false,"showImageEffects":false,"showParticleSystems":false},"in2DMode":false,"pivot":{"x":-0.005749523639678955,"y":2.6909542083740236,"z":-0.014292597770690918},"rotation":{"x":-0.012888017110526562,"y":-0.5115057229995728,"z":-0.007673657964915037,"w":0.8591556549072266},"size":2.7107293605804445,"orthographic":false}