{"cameraMode":{"drawMode":0,"name":"Shaded","section":"Shading Mode"},"sceneLighting":false,"audioPlay":false,"sceneViewState":{"showFog":false,"showMaterialUpdate":false,"showSkybox":false,"showFlares":false,"showImageEffects":false,"showParticleSystems":false},"in2DMode":false,"pivot":{"x":3.0,"y":-0.12500013411045075,"z":2.999999523162842},"rotation":{"x":0.0013305202592164279,"y":-0.9953478574752808,"z":0.09646843373775482,"w":0.015938403084874154},"size":4.244482517242432,"orthographic":false}