{"cameraMode":{"drawMode":0,"name":"Shaded","section":"Shading Mode"},"sceneLighting":false,"audioPlay":false,"sceneViewState":{"showFog":false,"showMaterialUpdate":false,"showSkybox":false,"showFlares":false,"showImageEffects":false,"showParticleSystems":false},"in2DMode":false,"pivot":{"x":87.00000762939453,"y":10.900015830993653,"z":-24.175003051757814},"rotation":{"x":-0.01554718054831028,"y":-0.7030635476112366,"z":0.015019282698631287,"w":-0.7109929919242859},"size":11.239019393920899,"orthographic":false}