{"cameraMode":{"drawMode":0,"name":"Shaded","section":"Shading Mode"},"sceneLighting":false,"audioPlay":false,"sceneViewState":{"showFog":false,"showMaterialUpdate":false,"showSkybox":false,"showFlares":false,"showImageEffects":false,"showParticleSystems":false},"in2DMode":false,"pivot":{"x":69.00000762939453,"y":8.875028610229493,"z":8.899994850158692},"rotation":{"x":-0.009613835252821446,"y":-0.056761931627988818,"z":0.0003000189899466932,"w":-0.9984801411628723},"size":4.244482040405273,"orthographic":false}