{"cameraMode":{"drawMode":0,"name":"Shaded","section":"Shading Mode"},"sceneLighting":false,"audioPlay":false,"sceneViewState":{"showFog":false,"showMaterialUpdate":false,"showSkybox":false,"showFlares":false,"showImageEffects":false,"showParticleSystems":false},"in2DMode":false,"pivot":{"x":-0.08513617515563965,"y":0.4993497133255005,"z":9.238719940185547e-7},"rotation":{"x":-0.00539697241038084,"y":-0.9915220141410828,"z":0.0437563918530941,"w":-0.12227722257375717},"size":0.9878930449485779,"orthographic":false}