{"cameraMode":{"drawMode":0,"name":"Shaded","section":"Shading Mode"},"sceneLighting":false,"audioPlay":false,"sceneViewState":{"showFog":false,"showMaterialUpdate":false,"showSkybox":false,"showFlares":false,"showImageEffects":false,"showParticleSystems":false},"in2DMode":false,"pivot":{"x":50.895206451416019,"y":10.638351440429688,"z":-9.344152450561524},"rotation":{"x":0.1340380162000656,"y":-0.6986865401268005,"z":0.135822594165802,"w":0.6895226240158081},"size":2.2434375286102297,"orthographic":false}