{"cameraMode":{"drawMode":0,"name":"Shaded","section":"Shading Mode"},"sceneLighting":false,"audioPlay":false,"sceneViewState":{"showFog":false,"showMaterialUpdate":false,"showSkybox":false,"showFlares":false,"showImageEffects":false,"showParticleSystems":false},"in2DMode":false,"pivot":{"x":-0.023477554321289064,"y":0.5681354999542236,"z":0.23103390634059907},"rotation":{"x":-0.2518821060657501,"y":-0.6594274640083313,"z":0.2507072389125824,"w":-0.6625683903694153},"size":1.041703701019287,"orthographic":true}