{"cameraMode":{"drawMode":0,"name":"Shaded","section":"Shading Mode"},"sceneLighting":false,"audioPlay":false,"sceneViewState":{"showFog":false,"showMaterialUpdate":false,"showSkybox":false,"showFlares":false,"showImageEffects":false,"showParticleSystems":false},"in2DMode":false,"pivot":{"x":-0.0004131495952606201,"y":4.00001335144043,"z":3.000000238418579},"rotation":{"x":-0.12661860883235932,"y":0.5747701525688171,"z":-0.09056340903043747,"w":-0.8034345507621765},"size":5.834410667419434,"orthographic":false}