{"cameraMode":{"drawMode":0,"name":"Shaded","section":"Shading Mode"},"sceneLighting":false,"audioPlay":false,"sceneViewState":{"showFog":false,"showMaterialUpdate":false,"showSkybox":false,"showFlares":false,"showImageEffects":false,"showParticleSystems":false},"in2DMode":false,"pivot":{"x":9.000005722045899,"y":2.0000221729278566,"z":-3.000002384185791},"rotation":{"x":-0.009613835252821446,"y":-0.056761931627988818,"z":0.0003000189899466932,"w":-0.9984801411628723},"size":5.284176826477051,"orthographic":false}