{"cameraMode":{"drawMode":0,"name":"Shaded","section":"Shading Mode"},"sceneLighting":false,"audioPlay":false,"sceneViewState":{"showFog":false,"showMaterialUpdate":false,"showSkybox":false,"showFlares":false,"showImageEffects":false,"showParticleSystems":false},"in2DMode":false,"pivot":{"x":16.549991607666017,"y":3.451763868331909,"z":6.600698471069336},"rotation":{"x":-0.20846205949783326,"y":-0.05281279981136322,"z":0.011253686621785164,"w":-0.9765967726707459},"size":5.606789588928223,"orthographic":false}