{"cameraMode":{"drawMode":0,"name":"Shaded","section":"Shading Mode"},"sceneLighting":false,"audioPlay":false,"sceneViewState":{"showFog":false,"showMaterialUpdate":false,"showSkybox":false,"showFlares":false,"showImageEffects":false,"showParticleSystems":false},"in2DMode":false,"pivot":{"x":2.917501449584961,"y":4.003430366516113,"z":2.9050028324127199},"rotation":{"x":-0.08574546128511429,"y":0.6551005244255066,"z":-0.07521232217550278,"w":-0.7469544410705566},"size":6.6419267654418949,"orthographic":false}