{"cameraMode":{"drawMode":0,"name":"Shaded","section":"Shading Mode"},"sceneLighting":false,"audioPlay":false,"sceneViewState":{"showFog":false,"showMaterialUpdate":false,"showSkybox":false,"showFlares":false,"showImageEffects":false,"showParticleSystems":false},"in2DMode":false,"pivot":{"x":1.977712631225586,"y":1.0991945266723633,"z":27.7567138671875},"rotation":{"x":-0.24818602204322816,"y":0.6018922924995422,"z":-0.2043793946504593,"w":-0.7310791611671448},"size":1.0955991744995118,"orthographic":false}