{"cameraMode":{"drawMode":0,"name":"Shaded","section":"Shading Mode"},"sceneLighting":false,"audioPlay":false,"sceneViewState":{"showFog":false,"showMaterialUpdate":false,"showSkybox":false,"showFlares":false,"showImageEffects":false,"showParticleSystems":false},"in2DMode":false,"pivot":{"x":0.32004326581954958,"y":0.550000011920929,"z":0.6370000839233398},"rotation":{"x":0.001195445191115141,"y":-0.07495095580816269,"z":-0.00010447291424497962,"w":-0.997260570526123},"size":0.6682252883911133,"orthographic":false}