{"cameraMode":{"drawMode":0,"name":"Shaded","section":"Shading Mode"},"sceneLighting":false,"audioPlay":false,"sceneViewState":{"showFog":false,"showMaterialUpdate":false,"showSkybox":false,"showFlares":false,"showImageEffects":false,"showParticleSystems":false},"in2DMode":false,"pivot":{"x":10.56363582611084,"y":1.806999921798706,"z":23.033000946044923},"rotation":{"x":-0.04783935472369194,"y":-0.7347926497459412,"z":0.052117981016635898,"w":-0.6746805906295776},"size":0.4350292384624481,"orthographic":false}