{"cameraMode":{"drawMode":0,"name":"Shaded","section":"Shading Mode"},"sceneLighting":false,"audioPlay":false,"sceneViewState":{"showFog":false,"showMaterialUpdate":false,"showSkybox":false,"showFlares":false,"showImageEffects":false,"showParticleSystems":false},"in2DMode":false,"pivot":{"x":4.987499237060547,"y":4.312000274658203,"z":13.081541061401368},"rotation":{"x":-0.03766249120235443,"y":0.08469763398170471,"z":-0.0031605504918843509,"w":-0.9957637786865234},"size":30.955076217651368,"orthographic":false}