{"cameraMode":{"drawMode":0,"name":"Shaded","section":"Shading Mode"},"sceneLighting":false,"audioPlay":false,"sceneViewState":{"showFog":false,"showMaterialUpdate":false,"showSkybox":false,"showFlares":false,"showImageEffects":false,"showParticleSystems":false},"in2DMode":false,"pivot":{"x":-1.7881393432617188e-7,"y":4.500390529632568,"z":5.066394805908203e-7},"rotation":{"x":-0.08262820541858673,"y":0.264303058385849,"z":-0.02273830771446228,"w":-0.9606802463531494},"size":4.510173797607422,"orthographic":false}