{"cameraMode":{"drawMode":0,"name":"Shaded","section":"Shading Mode"},"sceneLighting":false,"audioPlay":false,"sceneViewState":{"showFog":false,"showMaterialUpdate":false,"showSkybox":false,"showFlares":false,"showImageEffects":false,"showParticleSystems":false},"in2DMode":false,"pivot":{"x":34.145484924316409,"y":3.307138204574585,"z":26.17690658569336},"rotation":{"x":0.10775969177484513,"y":0.02385837957262993,"z":-0.0025869582314044239,"w":0.9938889145851135},"size":2.3921279907226564,"orthographic":false}