{"cameraMode":{"drawMode":0,"name":"Shaded","section":"Shading Mode"},"sceneLighting":false,"audioPlay":false,"sceneViewState":{"showFog":false,"showMaterialUpdate":false,"showSkybox":false,"showFlares":false,"showImageEffects":false,"showParticleSystems":false},"in2DMode":false,"pivot":{"x":11.925000190734864,"y":2.0000219345092775,"z":-15.000003814697266},"rotation":{"x":-0.0007871154230087996,"y":-0.9995567202568054,"z":0.02760428749024868,"w":-0.01999841257929802},"size":12.301931381225586,"orthographic":false}