{"cameraMode":{"drawMode":0,"name":"Shaded","section":"Shading Mode"},"sceneLighting":false,"audioPlay":false,"sceneViewState":{"showFog":false,"showMaterialUpdate":false,"showSkybox":false,"showFlares":false,"showImageEffects":false,"showParticleSystems":false},"in2DMode":false,"pivot":{"x":0.0010668039321899415,"y":-8.940696716308594e-8,"z":-0.6639372110366821},"rotation":{"x":0.17514723539352418,"y":0.7241231203079224,"z":-0.19925637543201447,"w":0.6366447806358337},"size":1.241633415222168,"orthographic":false}