{"cameraMode":{"drawMode":0,"name":"Shaded","section":"Shading Mode"},"sceneLighting":false,"audioPlay":false,"sceneViewState":{"showFog":false,"showMaterialUpdate":false,"showSkybox":false,"showFlares":false,"showImageEffects":false,"showParticleSystems":false},"in2DMode":false,"pivot":{"x":-28.50000762939453,"y":-0.12497256696224213,"z":-13.499992370605469},"rotation":{"x":-0.017467759549617769,"y":-0.7493400573730469,"z":0.019414328038692476,"w":-0.6618810296058655},"size":14.849811553955079,"orthographic":false}