{"cameraMode":{"drawMode":0,"name":"Shaded","section":"Shading Mode"},"sceneLighting":false,"audioPlay":false,"sceneViewState":{"showFog":false,"showMaterialUpdate":false,"showSkybox":false,"showFlares":false,"showImageEffects":false,"showParticleSystems":false},"in2DMode":false,"pivot":{"x":8.999996185302735,"y":1.9000129699707032,"z":-59.9000129699707},"rotation":{"x":-0.00015542955952696502,"y":0.9913983941078186,"z":-0.1310225874185562,"w":-0.001194224925711751},"size":4.175217151641846,"orthographic":false}