{"cameraMode":{"drawMode":0,"name":"Shaded","section":"Shading Mode"},"sceneLighting":false,"audioPlay":false,"sceneViewState":{"showFog":false,"showMaterialUpdate":false,"showSkybox":false,"showFlares":false,"showImageEffects":false,"showParticleSystems":false},"in2DMode":false,"pivot":{"x":2.243286609649658,"y":1.776886224746704,"z":28.955472946166993},"rotation":{"x":-0.1853838711977005,"y":-0.6938436627388,"z":0.19220101833343507,"w":-0.6688669323921204},"size":1.7304000854492188,"orthographic":false}