{"cameraMode":{"drawMode":0,"name":"Shaded","section":"Shading Mode"},"sceneLighting":false,"audioPlay":false,"sceneViewState":{"showFog":false,"showMaterialUpdate":false,"showSkybox":false,"showFlares":false,"showImageEffects":false,"showParticleSystems":false},"in2DMode":false,"pivot":{"x":6.075006008148193,"y":2.0000219345092775,"z":-30.073802947998048},"rotation":{"x":-0.00015542955952696502,"y":0.9913983941078186,"z":-0.1310225874185562,"w":-0.001194224925711751},"size":9.099272727966309,"orthographic":false}