{"cameraMode":{"drawMode":0,"name":"Shaded","section":"Shading Mode"},"sceneLighting":false,"audioPlay":false,"sceneViewState":{"showFog":false,"showMaterialUpdate":false,"showSkybox":false,"showFlares":false,"showImageEffects":false,"showParticleSystems":false},"in2DMode":false,"pivot":{"x":16.639991760253908,"y":3.451763868331909,"z":18.00069808959961},"rotation":{"x":0.11509411036968231,"y":0.8539409041404724,"z":-0.21330972015857697,"w":0.4606253504753113},"size":5.306789398193359,"orthographic":false}