{"cameraMode":{"drawMode":0,"name":"Shaded","section":"Shading Mode"},"sceneLighting":false,"audioPlay":false,"sceneViewState":{"showFog":false,"showMaterialUpdate":false,"showSkybox":false,"showFlares":false,"showImageEffects":false,"showParticleSystems":false},"in2DMode":false,"pivot":{"x":2.597198009490967,"y":4.3519206047058109,"z":2.508152723312378},"rotation":{"x":0.1340380162000656,"y":-0.6986865401268005,"z":0.135822594165802,"w":0.6895226240158081},"size":8.187865257263184,"orthographic":false}