{"cameraMode":{"drawMode":0,"name":"Shaded","section":"Shading Mode"},"sceneLighting":false,"audioPlay":false,"sceneViewState":{"showFog":false,"showMaterialUpdate":false,"showSkybox":false,"showFlares":false,"showImageEffects":false,"showParticleSystems":false},"in2DMode":false,"pivot":{"x":6.110668182373047,"y":3.386024236679077,"z":18.934926986694337},"rotation":{"x":-0.0752221867442131,"y":0.6044711470603943,"z":-0.057471681386232379,"w":-0.7910640835762024},"size":4.594095706939697,"orthographic":false}