{"cameraMode":{"drawMode":0,"name":"Shaded","section":"Shading Mode"},"sceneLighting":false,"audioPlay":false,"sceneViewState":{"showFog":false,"showMaterialUpdate":false,"showSkybox":false,"showFlares":false,"showImageEffects":false,"showParticleSystems":false},"in2DMode":false,"pivot":{"x":0.23692207038402558,"y":1.1920928955078126e-7,"z":2.9802322387695315e-8},"rotation":{"x":-0.04646040126681328,"y":-0.6846190690994263,"z":-0.043804895132780078,"w":0.7261048555374146},"size":0.5314380526542664,"orthographic":false}