{"cameraMode":{"drawMode":0,"name":"Shaded","section":"Shading Mode"},"sceneLighting":false,"audioPlay":false,"sceneViewState":{"showFog":false,"showMaterialUpdate":false,"showSkybox":false,"showFlares":false,"showImageEffects":false,"showParticleSystems":false},"in2DMode":false,"pivot":{"x":78.04999542236328,"y":13.499597549438477,"z":-3.1000094413757326},"rotation":{"x":-0.08574546128511429,"y":0.6551005244255066,"z":-0.07521232217550278,"w":-0.7469544410705566},"size":5.412441730499268,"orthographic":false}