{"cameraMode":{"drawMode":0,"name":"Shaded","section":"Shading Mode"},"sceneLighting":false,"audioPlay":false,"sceneViewState":{"showFog":false,"showMaterialUpdate":false,"showSkybox":false,"showFlares":false,"showImageEffects":false,"showParticleSystems":false},"in2DMode":false,"pivot":{"x":0.35079288482666018,"y":4.000001907348633,"z":0.0000025779008865356447},"rotation":{"x":-0.08262820541858673,"y":0.264303058385849,"z":-0.02273830771446228,"w":-0.9606802463531494},"size":4.505593299865723,"orthographic":false}