{"cameraMode":{"drawMode":0,"name":"Shaded","section":"Shading Mode"},"sceneLighting":false,"audioPlay":false,"sceneViewState":{"showFog":false,"showMaterialUpdate":false,"showSkybox":false,"showFlares":false,"showImageEffects":false,"showParticleSystems":false},"in2DMode":false,"pivot":{"x":0.2097175568342209,"y":-1.4769200086593629,"z":1.9056315422058106},"rotation":{"x":-0.08034182339906693,"y":0.4795970618724823,"z":-0.044156212359666827,"w":-0.8727484941482544},"size":2.300283432006836,"orthographic":false}