{"cameraMode":{"drawMode":0,"name":"Shaded","section":"Shading Mode"},"sceneLighting":false,"audioPlay":false,"sceneViewState":{"showFog":false,"showMaterialUpdate":false,"showSkybox":false,"showFlares":false,"showImageEffects":false,"showParticleSystems":false},"in2DMode":false,"pivot":{"x":9.000005722045899,"y":1.9000163078308106,"z":-33.00000762939453},"rotation":{"x":0.10090232640504837,"y":0.5987513065338135,"z":-0.07639477401971817,"w":0.7908967137336731},"size":13.054121971130371,"orthographic":false}