{"cameraMode":{"drawMode":0,"name":"Shaded","section":"Shading Mode"},"sceneLighting":false,"audioPlay":false,"sceneViewState":{"showFog":false,"showMaterialUpdate":false,"showSkybox":false,"showFlares":false,"showImageEffects":false,"showParticleSystems":false},"in2DMode":false,"pivot":{"x":1.7881393432617188e-7,"y":0.4313177466392517,"z":2.999997138977051},"rotation":{"x":0.17514723539352418,"y":0.7241231203079224,"z":-0.19925637543201447,"w":0.6366447806358337},"size":3.115015745162964,"orthographic":false}