{"cameraMode":{"drawMode":0,"name":"Shaded","section":"Shading Mode"},"sceneLighting":false,"audioPlay":false,"sceneViewState":{"showFog":false,"showMaterialUpdate":false,"showSkybox":false,"showFlares":false,"showImageEffects":false,"showParticleSystems":false},"in2DMode":false,"pivot":{"x":-0.00007717311382293701,"y":4.000027179718018,"z":3.0000016689300539},"rotation":{"x":-0.14030084013938905,"y":-0.5965284109115601,"z":0.10689388960599899,"w":-0.7830361723899841},"size":5.832862854003906,"orthographic":false}