{"cameraMode":{"drawMode":0,"name":"Shaded","section":"Shading Mode"},"sceneLighting":false,"audioPlay":false,"sceneViewState":{"showFog":false,"showMaterialUpdate":false,"showSkybox":false,"showFlares":false,"showImageEffects":false,"showParticleSystems":false},"in2DMode":false,"pivot":{"x":0.14294573664665223,"y":-3.668424367904663,"z":1.1982272863388062},"rotation":{"x":-0.08034182339906693,"y":0.4795970618724823,"z":-0.044156212359666827,"w":-0.8727484941482544},"size":3.550900936126709,"orthographic":false}