{"cameraMode":{"drawMode":0,"name":"Shaded","section":"Shading Mode"},"sceneLighting":false,"audioPlay":false,"sceneViewState":{"showFog":false,"showMaterialUpdate":false,"showSkybox":false,"showFlares":false,"showImageEffects":false,"showParticleSystems":false},"in2DMode":false,"pivot":{"x":3.000210762023926,"y":1.9000394344329835,"z":-50.98830795288086},"rotation":{"x":0.0036665177904069425,"y":0.7345522046089172,"z":-0.003961884416639805,"w":0.6785606741905212},"size":5.252243995666504,"orthographic":false}