{"cameraMode":{"drawMode":0,"name":"Shaded","section":"Shading Mode"},"sceneLighting":false,"audioPlay":false,"sceneViewState":{"showFog":false,"showMaterialUpdate":false,"showSkybox":false,"showFlares":false,"showImageEffects":false,"showParticleSystems":false},"in2DMode":false,"pivot":{"x":25.71694564819336,"y":0.8588106632232666,"z":-30.816425323486329},"rotation":{"x":0.10090232640504837,"y":0.5987513065338135,"z":-0.07639477401971817,"w":0.7908967137336731},"size":6.9800238609313969,"orthographic":false}