{"cameraMode":{"drawMode":0,"name":"Shaded","section":"Shading Mode"},"sceneLighting":false,"audioPlay":false,"sceneViewState":{"showFog":false,"showMaterialUpdate":false,"showSkybox":false,"showFlares":false,"showImageEffects":false,"showParticleSystems":false},"in2DMode":false,"pivot":{"x":15.915008544921875,"y":39.64384460449219,"z":-34.01866149902344},"rotation":{"x":0.0010509636485949159,"y":-0.47111836075782778,"z":-0.0005794477183371782,"w":-0.8821467161178589},"size":0.6588581204414368,"orthographic":true}