{"cameraMode":{"drawMode":0,"name":"Shaded","section":"Shading Mode"},"sceneLighting":false,"audioPlay":false,"sceneViewState":{"showFog":false,"showMaterialUpdate":false,"showSkybox":false,"showFlares":false,"showImageEffects":false,"showParticleSystems":false},"in2DMode":false,"pivot":{"x":104.19123840332031,"y":10.69742488861084,"z":-8.334803581237793},"rotation":{"x":-0.023393021896481515,"y":-0.7495740056037903,"z":0.026556743308901788,"w":-0.6610262989997864},"size":5.730998516082764,"orthographic":false}