{"cameraMode":{"drawMode":0,"name":"Shaded","section":"Shading Mode"},"sceneLighting":false,"audioPlay":false,"sceneViewState":{"showFog":false,"showMaterialUpdate":false,"showSkybox":false,"showFlares":false,"showImageEffects":false,"showParticleSystems":false},"in2DMode":false,"pivot":{"x":5.920000076293945,"y":6.059999942779541,"z":18.0},"rotation":{"x":0.013796140439808369,"y":0.8851159811019898,"z":0.026298005133867265,"w":-0.46453943848609927},"size":9.44873332977295,"orthographic":false}