{"cameraMode":{"drawMode":0,"name":"Shaded","section":"Shading Mode"},"sceneLighting":false,"audioPlay":false,"sceneViewState":{"showFog":false,"showMaterialUpdate":false,"showSkybox":false,"showFlares":false,"showImageEffects":false,"showParticleSystems":false},"in2DMode":false,"pivot":{"x":3.0004634857177736,"y":2.809999942779541,"z":2.9875001907348635},"rotation":{"x":0.37592118978500368,"y":-0.33753183484077456,"z":0.149277463555336,"w":0.8500028848648071},"size":5.102394104003906,"orthographic":false}