{"cameraMode":{"drawMode":0,"name":"Shaded","section":"Shading Mode"},"sceneLighting":false,"audioPlay":false,"sceneViewState":{"showFog":false,"showMaterialUpdate":false,"showSkybox":false,"showFlares":false,"showImageEffects":false,"showParticleSystems":false},"in2DMode":false,"pivot":{"x":2.9998879432678224,"y":-0.19999951124191285,"z":2.682209014892578e-7},"rotation":{"x":-0.014037705026566983,"y":0.9776985049247742,"z":-0.06933863461017609,"w":-0.19800367951393128},"size":3.01599383354187,"orthographic":false}