{"cameraMode":{"drawMode":0,"name":"Shaded","section":"Shading Mode"},"sceneLighting":false,"audioPlay":false,"sceneViewState":{"showFog":false,"showMaterialUpdate":false,"showSkybox":false,"showFlares":false,"showImageEffects":false,"showParticleSystems":false},"in2DMode":false,"pivot":{"x":0.9999971389770508,"y":4.261471271514893,"z":2.9999966621398927},"rotation":{"x":0.2150135487318039,"y":0.30040988326072695,"z":-0.0697055459022522,"w":0.9266441464424133},"size":3.171285390853882,"orthographic":false}