{"cameraMode":{"drawMode":0,"name":"Shaded","section":"Shading Mode"},"sceneLighting":false,"audioPlay":false,"sceneViewState":{"showFog":false,"showMaterialUpdate":false,"showSkybox":false,"showFlares":false,"showImageEffects":false,"showParticleSystems":false},"in2DMode":false,"pivot":{"x":1.0001035928726197,"y":2.7306647300720217,"z":-0.014293119311332703},"rotation":{"x":-0.012888017110526562,"y":-0.5115057229995728,"z":-0.007673657964915037,"w":0.8591556549072266},"size":2.90989089012146,"orthographic":false}