{"cameraMode":{"drawMode":0,"name":"Shaded","section":"Shading Mode"},"sceneLighting":false,"audioPlay":false,"sceneViewState":{"showFog":false,"showMaterialUpdate":false,"showSkybox":false,"showFlares":false,"showImageEffects":false,"showParticleSystems":false},"in2DMode":false,"pivot":{"x":0.25668996572494509,"y":-1.1261138916015626,"z":-2.9802322387695315e-8},"rotation":{"x":-0.08262820541858673,"y":0.264303058385849,"z":-0.02273830771446228,"w":-0.9606802463531494},"size":1.1189645528793336,"orthographic":false}