{"cameraMode":{"drawMode":0,"name":"Shaded","section":"Shading Mode"},"sceneLighting":false,"audioPlay":false,"sceneViewState":{"showFog":false,"showMaterialUpdate":false,"showSkybox":false,"showFlares":false,"showImageEffects":false,"showParticleSystems":false},"in2DMode":false,"pivot":{"x":17.751062393188478,"y":39.471805572509769,"z":-31.790637969970704},"rotation":{"x":0.10547620058059693,"y":0.5271803140640259,"z":-0.06611324101686478,"w":0.8406475782394409},"size":1.3956007957458497,"orthographic":false}