{"cameraMode":{"drawMode":0,"name":"Shaded","section":"Shading Mode"},"sceneLighting":false,"audioPlay":false,"sceneViewState":{"showFog":false,"showMaterialUpdate":false,"showSkybox":false,"showFlares":false,"showImageEffects":false,"showParticleSystems":false},"in2DMode":false,"pivot":{"x":13.55385971069336,"y":39.439754486083987,"z":-34.83366394042969},"rotation":{"x":0.14269644021987916,"y":0.6023675203323364,"z":-0.1105523407459259,"w":0.777582585811615},"size":0.6802756190299988,"orthographic":false}