{"cameraMode":{"drawMode":0,"name":"Shaded","section":"Shading Mode"},"sceneLighting":false,"audioPlay":false,"sceneViewState":{"showFog":false,"showMaterialUpdate":false,"showSkybox":false,"showFlares":false,"showImageEffects":false,"showParticleSystems":false},"in2DMode":false,"pivot":{"x":0.2278434932231903,"y":1.1920928955078126e-7,"z":0.0},"rotation":{"x":-0.08262820541858673,"y":0.264303058385849,"z":-0.02273830771446228,"w":-0.9606802463531494},"size":0.33602574467658999,"orthographic":false}