{"cameraMode":{"drawMode":0,"name":"Shaded","section":"Shading Mode"},"sceneLighting":false,"audioPlay":false,"sceneViewState":{"showFog":false,"showMaterialUpdate":false,"showSkybox":false,"showFlares":false,"showImageEffects":false,"showParticleSystems":false},"in2DMode":false,"pivot":{"x":0.20993053913116456,"y":3.900057792663574,"z":0.0001447051763534546},"rotation":{"x":-0.08034182339906693,"y":0.4795970618724823,"z":-0.044156212359666827,"w":-0.8727484941482544},"size":4.603901386260986,"orthographic":false}