{"cameraMode":{"drawMode":0,"name":"Shaded","section":"Shading Mode"},"sceneLighting":false,"audioPlay":false,"sceneViewState":{"showFog":false,"showMaterialUpdate":false,"showSkybox":false,"showFlares":false,"showImageEffects":false,"showParticleSystems":false},"in2DMode":false,"pivot":{"x":-0.0004131197929382324,"y":4.020011901855469,"z":2.9850001335144045},"rotation":{"x":-0.08574546128511429,"y":0.6551005244255066,"z":-0.07521232217550278,"w":-0.7469544410705566},"size":5.874754428863525,"orthographic":false}