{"cameraMode":{"drawMode":0,"name":"Shaded","section":"Shading Mode"},"sceneLighting":false,"audioPlay":false,"sceneViewState":{"showFog":false,"showMaterialUpdate":false,"showSkybox":false,"showFlares":false,"showImageEffects":false,"showParticleSystems":false},"in2DMode":false,"pivot":{"x":-0.24095362424850465,"y":0.3849809169769287,"z":0.4031636714935303},"rotation":{"x":-0.0011868568835780025,"y":-0.9987878203392029,"z":-0.028161633759737016,"w":0.0410783477127552},"size":1.3190186023712159,"orthographic":false}