{"cameraMode":{"drawMode":0,"name":"Shaded","section":"Shading Mode"},"sceneLighting":false,"audioPlay":false,"sceneViewState":{"showFog":false,"showMaterialUpdate":false,"showSkybox":false,"showFlares":false,"showImageEffects":false,"showParticleSystems":false},"in2DMode":false,"pivot":{"x":2.980232238769531e-7,"y":4.00001335144043,"z":3.000000238418579},"rotation":{"x":-0.14030084013938905,"y":-0.5965284109115601,"z":0.10689388960599899,"w":-0.7830361723899841},"size":5.832874298095703,"orthographic":false}