{"cameraMode":{"drawMode":0,"name":"Shaded","section":"Shading Mode"},"sceneLighting":false,"audioPlay":false,"sceneViewState":{"showFog":false,"showMaterialUpdate":false,"showSkybox":false,"showFlares":false,"showImageEffects":false,"showParticleSystems":false},"in2DMode":false,"pivot":{"x":27.80000114440918,"y":3.180000066757202,"z":8.250000953674317},"rotation":{"x":-0.15361835062503816,"y":0.6138132810592651,"z":-0.12335307896137238,"w":-0.7645432949066162},"size":4.911245346069336,"orthographic":false}