{"cameraMode":{"drawMode":0,"name":"Shaded","section":"Shading Mode"},"sceneLighting":false,"audioPlay":false,"sceneViewState":{"showFog":false,"showMaterialUpdate":false,"showSkybox":false,"showFlares":false,"showImageEffects":false,"showParticleSystems":false},"in2DMode":false,"pivot":{"x":0.21186938881874085,"y":2.063479423522949,"z":-2.384185791015625e-7},"rotation":{"x":-0.08034182339906693,"y":0.4795970618724823,"z":-0.044156212359666827,"w":-0.8727484941482544},"size":3.9561288356781008,"orthographic":false}