{"cameraMode":{"drawMode":0,"name":"Shaded","section":"Shading Mode"},"sceneLighting":false,"audioPlay":false,"sceneViewState":{"showFog":false,"showMaterialUpdate":false,"showSkybox":false,"showFlares":false,"showImageEffects":false,"showParticleSystems":false},"in2DMode":false,"pivot":{"x":-2.086162567138672e-7,"y":0.4366133213043213,"z":-0.6663724780082703},"rotation":{"x":0.17514723539352418,"y":0.7241231203079224,"z":-0.19925637543201447,"w":0.6366447806358337},"size":1.0659654140472413,"orthographic":false}