{"cameraMode":{"drawMode":0,"name":"Shaded","section":"Shading Mode"},"sceneLighting":false,"audioPlay":false,"sceneViewState":{"showFog":false,"showMaterialUpdate":false,"showSkybox":false,"showFlares":false,"showImageEffects":false,"showParticleSystems":false},"in2DMode":false,"pivot":{"x":15.692008018493653,"y":39.917999267578128,"z":-32.78566360473633},"rotation":{"x":-0.058800242841243747,"y":-0.9275692105293274,"z":0.16534149646759034,"w":-0.3298937976360321},"size":0.722548246383667,"orthographic":true}