{"cameraMode":{"drawMode":0,"name":"Shaded","section":"Shading Mode"},"sceneLighting":false,"audioPlay":false,"sceneViewState":{"showFog":false,"showMaterialUpdate":false,"showSkybox":false,"showFlares":false,"showImageEffects":false,"showParticleSystems":false},"in2DMode":false,"pivot":{"x":-0.09128580987453461,"y":2.690953016281128,"z":-0.014292307198047638},"rotation":{"x":-0.012888017110526562,"y":-0.5115057229995728,"z":-0.007673657964915037,"w":0.8591556549072266},"size":2.702242374420166,"orthographic":false}