{"cameraMode":{"drawMode":0,"name":"Shaded","section":"Shading Mode"},"sceneLighting":true,"audioPlay":false,"sceneViewState":{"showFog":false,"showMaterialUpdate":false,"showSkybox":false,"showFlares":false,"showImageEffects":false,"showParticleSystems":false},"in2DMode":false,"pivot":{"x":-107.21623229980469,"y":-25.89826011657715,"z":34.550743103027347},"rotation":{"x":-0.10105663537979126,"y":-0.8983883261680603,"z":0.28471043705940249,"w":-0.31888148188591006},"size":7.801628589630127,"orthographic":false}