{"cameraMode":{"drawMode":0,"name":"Shaded","section":"Shading Mode"},"sceneLighting":false,"audioPlay":false,"sceneViewState":{"showFog":false,"showMaterialUpdate":false,"showSkybox":false,"showFlares":false,"showImageEffects":false,"showParticleSystems":false},"in2DMode":false,"pivot":{"x":0.3450061082839966,"y":0.07918168604373932,"z":2.9802322387695315e-8},"rotation":{"x":-0.04646040126681328,"y":-0.6846190690994263,"z":-0.043804895132780078,"w":0.7261048555374146},"size":0.2823980748653412,"orthographic":false}