{"cameraMode":{"drawMode":0,"name":"Shaded","section":"Shading Mode"},"sceneLighting":false,"audioPlay":false,"sceneViewState":{"showFog":false,"showMaterialUpdate":false,"showSkybox":false,"showFlares":false,"showImageEffects":false,"showParticleSystems":false},"in2DMode":false,"pivot":{"x":0.0537627637386322,"y":0.10179412364959717,"z":0.0006003379821777344},"rotation":{"x":0.010622669011354447,"y":0.7192519307136536,"z":-0.011023961007595063,"w":0.6946291923522949},"size":1.3339288234710694,"orthographic":false}