{"cameraMode":{"drawMode":0,"name":"Shaded","section":"Shading Mode"},"sceneLighting":false,"audioPlay":false,"sceneViewState":{"showFog":false,"showMaterialUpdate":false,"showSkybox":false,"showFlares":false,"showImageEffects":false,"showParticleSystems":false},"in2DMode":false,"pivot":{"x":51.00761413574219,"y":9.90001392364502,"z":-51.00000762939453},"rotation":{"x":-0.009613835252821446,"y":-0.056761931627988818,"z":0.0003000189899466932,"w":-0.9984801411628723},"size":5.3793439865112309,"orthographic":false}